<?xml version="1.0" encoding="UTF-8"?>
<project-private xmlns="http://www.netbeans.org/ns/project-private/1">
    <editor-bookmarks xmlns="http://www.netbeans.org/ns/editor-bookmarks/2" lastBookmarkId="0"/>
    <open-files xmlns="http://www.netbeans.org/ns/projectui-open-files/2">
        <group>
            <file>file:/C:/xampp/htdocs/finance/sysfrm/config.php</file>
            <file>file:/C:/xampp/htdocs/finance/ui/theme/softhash/sections/footer_default.tpl</file>
            <file>file:/C:/xampp/htdocs/finance/sysfrm/autoload/App.php</file>
            <file>file:/C:/xampp/htdocs/finance/index.php</file>
        </group>
    </open-files>
</project-private>
